{
  "Analgesics": {
    "poly_coeffs": [
      0.013737634944737261,
      -0.09575634555095223,
      0.22824647213068958,
      -0.19143264982866376,
      0.03547740592256911
    ],
    "max_err": 0.1100662865485117,
    "max_err_r": 4.2,
    "max_err_true": 0.32800000000000007,
    "max_err_pred": 0.43806628654851176,
    "mse": 0.0007142509813188494,
    "rmse": 0.026725474389032822,
    "r2": 0.9933121311262841
  },
  "Bath Soap": {
    "poly_coeffs": [
      -0.0031300200441199666,
      0.04188547544091941,
      -0.12630642249704416,
      0.11682016702470899,
      -0.022573735699040705
    ],
    "max_err": 0.028505176232795644,
    "max_err_r": 3.0,
    "max_err_true": 0.04,
    "max_err_pred": 0.06850517623279564,
    "mse": 0.00010807561349470949,
    "rmse": 0.010395942164840544,
    "r2": 0.9971922715114403
  },
  "Bathroom Tissues": {
    "poly_coeffs": [
      -0.0035997729168891907,
      0.04410427138669252,
      -0.12835993369958804,
      0.1157672560924982,
      -0.02189049897344158
    ],
    "max_err": 0.029405587180434213,
    "max_err_r": 3.0,
    "max_err_true": 0.04,
    "max_err_pred": 0.06940558718043421,
    "mse": 9.287769770577063e-05,
    "rmse": 0.009637307596303577,
    "r2": 0.9971310449390269
  },
  "Beer": {
    "poly_coeffs": [
      0.0003751743495774775,
      0.01566054063733347,
      -0.06470727264514484,
      0.06831998179624088,
      -0.014378774910969132
    ],
    "max_err": 0.04059086609422169,
    "max_err_r": 5.0,
    "max_err_true": 0.8610000000000001,
    "max_err_pred": 0.9015908660942218,
    "mse": 0.00012110294369086394,
    "rmse": 0.011004678263850513,
    "r2": 0.9978727181977631
  },
  "Bottled Juices": {
    "poly_coeffs": [
      -0.0009566170595466671,
      0.027255065000453247,
      -0.09601599755334199,
      0.09649041278443352,
      -0.01981679327471194
    ],
    "max_err": 0.039232794653895064,
    "max_err_r": 5.0,
    "max_err_true": 0.8320000000000001,
    "max_err_pred": 0.8712327946538951,
    "mse": 0.00014864459810479556,
    "rmse": 0.012191989095500191,
    "r2": 0.9973223614739605
  },
  "Canned Soup": {
    "poly_coeffs": [
      -0.0026602671713507396,
      0.039666679495146275,
      -0.12425291129450021,
      0.11787307795691956,
      -0.02325697242464082
    ],
    "max_err": 0.02760476528515545,
    "max_err_r": 3.0,
    "max_err_true": 0.04,
    "max_err_pred": 0.06760476528515545,
    "mse": 0.00013292796417580004,
    "rmse": 0.011529439022597763,
    "r2": 0.9970595007498819
  },
  "Canned Tuna": {
    "poly_coeffs": [
      -0.002472366022243049,
      0.03877916111683702,
      -0.12343150681348254,
      0.11829424232980389,
      -0.023530267114880554
    ],
    "max_err": 0.030319649899797185,
    "max_err_r": 5.0,
    "max_err_true": 0.754,
    "max_err_pred": 0.7843196498997972,
    "mse": 0.00014557214621803858,
    "rmse": 0.012065328268142503,
    "r2": 0.9969709057507805
  },
  "Cereals": {
    "poly_coeffs": [
      0.00257129566270154,
      0.0006091119836463493,
      -0.03271523659796947,
      0.04597299090385173,
      -0.011140787818185609
    ],
    "max_err": 0.058042038896092496,
    "max_err_r": 5.0,
    "max_err_true": 1.026,
    "max_err_pred": 1.0840420388960925,
    "mse": 0.00021969500308638212,
    "rmse": 0.014822111964439551,
    "r2": 0.9971524501324613
  },
  "Cheeses": {
    "poly_coeffs": [
      0.004104818769032906,
      -0.014014549603790494,
      0.00976922495826998,
      0.005292661340929758,
      -0.0028400708503549103
    ],
    "max_err": 0.05154688998279777,
    "max_err_r": 5.0,
    "max_err_true": 1.03,
    "max_err_pred": 1.0815468899827978,
    "mse": 0.00017548961599342684,
    "rmse": 0.013247249374622147,
    "r2": 0.9976318375269227
  },
  "Cigarettes": {
    "poly_coeffs": [
      0.012131713902139718,
      -0.07872324736895397,
      0.17460205991102112,
      -0.13652467030162463,
      0.023601027486322815
    ],
    "max_err": 0.09735797522067269,
    "max_err_r": 4.1,
    "max_err_true": 0.30399999999999994,
    "max_err_pred": 0.4013579752206726,
    "mse": 0.0005598238038952159,
    "rmse": 0.023660596017328388,
    "r2": 0.9952269965719596
  },
  "Cookies": {
    "poly_coeffs": [
      -0.00033991334711097756,
      0.02350280316945962,
      -0.08932212263232307,
      0.09302630697877753,
      -0.01957567373086378
    ],
    "max_err": 0.04590734959303844,
    "max_err_r": 5.0,
    "max_err_true": 0.8920000000000001,
    "max_err_pred": 0.9379073495930386,
    "mse": 0.00018403601061663162,
    "rmse": 0.013565987270251717,
    "r2": 0.9970649674820715
  },
  "Crackers": {
    "poly_coeffs": [
      -0.0007099355745723863,
      0.025754160268055753,
      -0.09333844758493429,
      0.0951047704621709,
      -0.01972034545717254
    ],
    "max_err": 0.0419026166295523,
    "max_err_r": 5.0,
    "max_err_true": 0.8560000000000001,
    "max_err_pred": 0.8979026166295524,
    "mse": 0.0001618872067836729,
    "rmse": 0.012723490353816947,
    "r2": 0.9972247289296537
  },
  "Dish Detergent": {
    "poly_coeffs": [
      0.007347287448736897,
      -0.03785038337846141,
      0.06490388068411744,
      -0.037535221652370665,
      0.00430916211135753
    ],
    "max_err": 0.07111141710286922,
    "max_err_r": 4.0,
    "max_err_true": 0.28,
    "max_err_pred": 0.35111141710286925,
    "mse": 0.0003483913144470128,
    "rmse": 0.018665243487482632,
    "r2": 0.9965569643385664
  },
  "Fabric Softeners": {
    "poly_coeffs": [
      0.006536670278810897,
      -0.031891424934793675,
      0.05112021675265553,
      -0.026828250904045545,
      0.0025218538709294836
    ],
    "max_err": 0.06546871384603015,
    "max_err_r": 4.0,
    "max_err_true": 0.28,
    "max_err_pred": 0.3454687138460302,
    "mse": 0.00029785864526278143,
    "rmse": 0.01725858178596322,
    "r2": 0.996830820868963
  },
  "Front end candies": {
    "poly_coeffs": [
      -0.0009566170595466671,
      0.027255065000453247,
      -0.09601599755334199,
      0.09649041278443352,
      -0.01981679327471194
    ],
    "max_err": 0.039232794653895064,
    "max_err_r": 5.0,
    "max_err_true": 0.8320000000000001,
    "max_err_pred": 0.8712327946538951,
    "mse": 0.00014864459810479556,
    "rmse": 0.012191989095500191,
    "r2": 0.9973223614739605
  },
  "Frozen Dinners": {
    "poly_coeffs": [
      0.00330333610040956,
      -0.0044080309009160035,
      -0.02205122458224446,
      0.0385239939397222,
      -0.010061458787257768
    ],
    "max_err": 0.06385909649671628,
    "max_err_r": 5.0,
    "max_err_true": 1.081,
    "max_err_pred": 1.1448590964967162,
    "mse": 0.00026448314854242997,
    "rmse": 0.01626293788165072,
    "r2": 0.9968753004697531
  },
  "Frozen Entrees": {
    "poly_coeffs": [
      0.0037425603630343767,
      -0.00741831663165346,
      -0.015652817372809283,
      0.034054595761244234,
      -0.009413861368701058
    ],
    "max_err": 0.06734933105709073,
    "max_err_r": 5.0,
    "max_err_true": 1.114,
    "max_err_pred": 1.1813493310570908,
    "mse": 0.00029421782597386964,
    "rmse": 0.017152778957762783,
    "r2": 0.9967059080271113
  },
  "Frozen Juices": {
    "poly_coeffs": [
      0.00027679036532471727,
      0.019750541338465925,
      -0.08262824771130396,
      0.08956220117312119,
      -0.019334554187015712
    ],
    "max_err": 0.052581904532180146,
    "max_err_r": 5.0,
    "max_err_true": 0.9520000000000001,
    "max_err_pred": 1.0045819045321802,
    "mse": 0.00022704372584394096,
    "rmse": 0.01506797019654409,
    "r2": 0.9967735812415287
  },
  "Grooming Products": {
    "poly_coeffs": [
      0.010434298249394725,
      -0.06565136467201924,
      0.1427868300095982,
      -0.11037587516876346,
      0.018947731404130745
    ],
    "max_err": 0.086378856664097,
    "max_err_r": 4.1,
    "max_err_true": 0.30399999999999994,
    "max_err_pred": 0.39037885666409694,
    "mse": 0.00043502675293056737,
    "rmse": 0.020857294957174272,
    "r2": 0.9958208537112074
  },